"name","email","rollNo","schoolName","class","password"
"student1","student1@gmail.com","1","Delhi Public School","5","3oSylbIr"
"student2","student2@gmail.com","2","Delhi public school","5","5mzjAtqy"
"student3","student3@gmail.com","3","Delhi Public School","5","Zrhp5SqU"
"student4","student4@gmail.com","4","Delhi public school","5","VUlqjwKf"
"student5","student5@gmail.com","5","Delhi public school","5","bHvTkTL6"
"student6","student6@gmail.com","6","Delhi public school","5","ch7GWiBs"
"student7","student7@gmail.com","7","Delhi public school","5","OgrmqOAM"
"student8","student8@gmail.com","8","Delhi public school","5","eHHyVSBm"
"student9","student9@gmail.com","9","Delhi public school","5","w9bbuAiP"
"student10","student10@gmail.com","10","Delhi Public School","5","BwygXLKJ"
"student11","student11@gmail.com","11","Delhi Public School","5","GqvXCzEY"
"student12","student12@gmail.com","12","Delhi public school","5","Xjej3ypn"
"student13","student13@gmail.com","13","Delhi public school","5","CkzI8jQk"
"student14","student14@gmail.com","14","Delhi Public School","5","baPKmW36"
"student15","student15@gmail.com","15","Delhi Public School","5","ujtkVDCv"
"student16","student16@gmail.com","16","Delhi public school","5","z5dsQVgl"
"student17","student17@gmail.com","17","Delhi Public School","5","4Kw7VDWy"
"student18","student18@gmail.com","18","Delhi public school","5","G8y94Nj4"
"student19","student19@gmail.com","19","Delhi public school","5","X1kP7E5e"
"student20","student20@gmail.com","20","Delhi Public School","5","RRigWZq5"
"student21","student21@gmail.com","21","Delhi Public School","5","H4x8k4o2"
"student22","student22@gmail.com","22","Delhi public school","5","UCGInzJ2"
"student23","student23@gmail.com","23","Delhi public school","5","OMY2GPlE"
"student24","student24@gmail.com","24","Delhi Public School","5","ssPgazZ2"
"student25","student25@gmail.com","25","Delhi Public School","5","do9TJIU9"
"student26","student26@gmail.com","26","Delhi public school","5","shglB6WJ"
"student27","student27@gmail.com","27","Delhi public school","5","SFRHfvsu"
"student28","student28@gmail.com","28","Delhi Public School","5","f02Rdujm"
"student29","student29@gmail.com","29","Delhi public school","5","A84BB4DY"
"student30","student30@gmail.com","30","Delhi public school","5","kjWRam47"
"student31","student31@gmail.com","31","Delhi Public School","5","QPFDragL"
"student32","student32@gmail.com","32","Delhi Public School","5","JxLaGUP5"
"student33","student33@gmail.com","33","Delhi Public School","5","IesXHKJO"
"student34","student34@gmail.com","34","Delhi public school","5","58dwZdrc"
"student35","student35@gmail.com","35","Delhi Public School","5","ARLF36MP"
"student36","student36@gmail.com","36","Delhi Public School","5","621lruJt"
"student37","student37@gmail.com","37","Delhi public school","5","FRE7wKn2"
"student38","student38@gmail.com","38","Delhi public school","5","EwUYpVhk"
"student39","student39@gmail.com","39","Delhi Public School","5","UBjhfxGi"
"student40","student40@gmail.com","40","Delhi Public School","5","0mEb9yuf"
"student41","student41@gmail.com","41","Delhi Public School","5","C2zEqsdz"
"student42","student42@gmail.com","42","Delhi public school","5","tSfWhJE2"
"student43","student43@gmail.com","43","Delhi public school","5","fMhzEyDq"
"student44","student44@gmail.com","44","Delhi Public School","5","rX04TAtf"
"student45","student45@gmail.com","45","Delhi public school","5","Bhpyz3Ru"
"student46","student46@gmail.com","46","Delhi Public School","5","lOo3vdpe"
"student47","student47@gmail.com","47","Delhi Public School","5","jUM7y0By"
"student48","student48@gmail.com","48","Delhi Public School","5","sCiqvU8T"
"student49","student49@gmail.com","49","Delhi Public School","5","qn98Inrs"
"student50","student50@gmail.com","50","Delhi public school","5","25GZnaR5"
"student51","student51@gmail.com","51","Delhi Public School","5","FrjTTbai"
"student52","student52@gmail.com","52","Delhi Public School","5","nXh6oIKi"
"student53","student53@gmail.com","53","Delhi public school","5","TDyivzP1"
"student54","student54@gmail.com","54","Delhi Public School","5","cf4GuxMy"
"student55","student55@gmail.com","55","Delhi Public School","5","fcjfOmgX"
"student56","student56@gmail.com","56","Delhi public school","5","aIKxQWNd"
"student57","student57@gmail.com","57","Delhi Public School","5","r2boAyYS"
"student58","student58@gmail.com","58","Delhi public school","5","jXcMUs5O"
"student59","student59@gmail.com","59","Delhi public school","5","M4AKHlbs"
"student60","student60@gmail.com","60","Delhi Public School","5","b7ONljsr"
"student61","student61@gmail.com","61","Delhi Public School","5","TC3omUDI"
"student62","student62@gmail.com","62","Delhi Public School","5","WFRTXwxO"
"student63","student63@gmail.com","63","Delhi public school","5","JuRUT1p0"
"student64","student64@gmail.com","64","Delhi Public School","5","0xWUS7KZ"
"student65","student65@gmail.com","65","Delhi public school","5","8UpyEhW9"
"student66","student66@gmail.com","66","Delhi Public School","5","MCJuNPQY"
"student67","student67@gmail.com","67","Delhi public school","5","CgC6St2l"
"student68","student68@gmail.com","68","Delhi public school","5","MjIeF0jH"
"student69","student69@gmail.com","69","Delhi public school","5","ce1sj7Nt"
"student70","student70@gmail.com","70","Delhi public school","5","Po5Ba1AG"
"student71","student71@gmail.com","71","Delhi public school","5","PUVFUmFR"
"student72","student72@gmail.com","72","Delhi public school","5","XBNPijtO"
"student73","student73@gmail.com","73","Delhi Public School","5","BPO7eJd3"
"student74","student74@gmail.com","74","Delhi Public School","5","8u8IbUKU"
"student75","student75@gmail.com","75","Delhi Public School","5","1jYfwbUC"
"student76","student76@gmail.com","76","Delhi public school","5","CPmNbDbQ"
"student77","student77@gmail.com","77","Delhi public school","5","Ohn4RtK2"
"student78","student78@gmail.com","78","Delhi Public School","5","5qizw2DG"
"student79","student79@gmail.com","79","Delhi Public School","5","NmrUqYx2"
"student80","student80@gmail.com","80","Delhi Public School","5","iqyEYDzH"
"student81","student81@gmail.com","81","Delhi Public School","5","DzPgd7Mf"
"student82","student82@gmail.com","82","Delhi public school","5","Z0op2XfN"
"student83","student83@gmail.com","83","Delhi Public School","5","lFwpWC9y"
"student84","student84@gmail.com","84","Delhi public school","5","Sf4hhbVd"
"student85","student85@gmail.com","85","Delhi public school","5","itEnccwl"
"student86","student86@gmail.com","86","Delhi Public School","5","qMPArKPG"
"student87","student87@gmail.com","87","Delhi public school","5","dyoe3c0A"
"student88","student88@gmail.com","88","Delhi public school","5","rej6Ws7n"
"student89","student89@gmail.com","89","Delhi public school","5","6UFTWtAy"
"student90","student90@gmail.com","90","Delhi Public School","5","McflkLLM"
"student91","student91@gmail.com","91","Delhi Public School","5","XrdcVaYp"
"student92","student92@gmail.com","92","Delhi public school","5","oQyU2lRO"
"student93","student93@gmail.com","93","Delhi Public School","5","h5dycpVS"
"student94","student94@gmail.com","94","Delhi Public School","5","zIj4PyVx"
"student95","student95@gmail.com","95","Delhi Public School","5","kHeditmx"
"student96","student96@gmail.com","96","Delhi Public School","5","Qqy31otR"
"student97","student97@gmail.com","97","Delhi Public School","5","AvKS2Z3p"
"student98","student98@gmail.com","98","Delhi public school","5","3BAO4wSY"
"student99","student99@gmail.com","99","Delhi Public School","5","1gnlP5RA"
"student100","student100@gmail.com","100","Delhi public school","5","qJQuhjMo"